{"count":1,"self":26.4698608,"total":258.5288132,"children":{"InitializeActuators":{"count":24,"self":0.0021016999999999997,"total":0.0021016999999999997,"children":null},"InitializeSensors":{"count":24,"self":0.0029923999999999997,"total":0.0029923999999999997,"children":null},"AgentSendState":{"count":31184,"self":0.5566154,"total":2.4756023,"children":{"CollectObservations":{"count":149688,"self":0.1732743,"total":0.1732743,"children":null},"WriteActionMask":{"count":149688,"self":0.12543859999999998,"total":0.12543859999999998,"children":null},"RequestDecision":{"count":149688,"self":0.3448831,"total":1.620274,"children":{"AgentInfo.ToProto":{"count":149688,"self":0.37892939999999997,"total":1.2753908999999999,"children":{"GenerateSensorData":{"count":149688,"self":0.89646149999999991,"total":0.89646149999999991,"children":null}}}}}}},"DecideAction":{"count":31184,"self":227.6284672,"total":227.62847929999998,"children":null},"AgentAct":{"count":31184,"self":0.91147899999999993,"total":0.91147899999999993,"children":null},"AgentInfo.ToProto":{"count":72777,"self":0.3902844,"total":1.0372999,"children":{"GenerateSensorData":{"count":72777,"self":0.6470155,"total":0.6470155,"children":null}}}},"gauges":{"MoveToGoal.CumulativeReward":{"count":72777,"max":-1,"min":-2,"runningAverage":-1.00013173,"value":-1,"weightedAverage":-1.00000024}},"metadata":{"timer_format_version":"0.1.0","start_time_seconds":"1631828611","unity_version":"2021.1.21f1","command_line_arguments":"E:\\Unity\\2021.1.21f1\\Editor\\Unity.exe -projectpath H:\/Unity Projects\/MLCombat\/MLCombat -useHub -hubIPC -cloudEnvironment production -hubSessionId be41b370-171d-11ec-8c1e-1bd5f861f0f2 -accessToken O_bRT5ZovBeV-ECMIiCxMBvvKInTuVTa30TvCkzNjeM011f","communication_protocol_version":"1.5.0","com.unity.ml-agents_version":"2.1.0-exp.1","scene_name":"SampleScene","end_time_seconds":"1631828869"}}