{"count":1,"self":60.8475392,"total":61.1294593,"children":{"InitializeActuators":{"count":1,"self":0.0019917,"total":0.0019917,"children":null},"InitializeSensors":{"count":1,"self":0.0019947999999999997,"total":0.0019947999999999997,"children":null},"AgentSendState":{"count":2801,"self":0.014989299999999999,"total":0.033583299999999996,"children":{"CollectObservations":{"count":561,"self":0.001996,"total":0.001996,"children":null},"WriteActionMask":{"count":561,"self":0.0019911,"total":0.0019911,"children":null},"RequestDecision":{"count":561,"self":0.014606899999999999,"total":0.014606899999999999,"children":null}}},"DecideAction":{"count":2801,"self":0.22839009999999998,"total":0.22839009999999998,"children":null},"AgentAct":{"count":2801,"self":0.014960699999999999,"total":0.014960699999999999,"children":null}},"gauges":{"MoveToGoal.CumulativeReward":{"count":17,"max":1,"min":-1,"runningAverage":0.5882353,"value":1,"weightedAverage":0.764379263}},"metadata":{"timer_format_version":"0.1.0","start_time_seconds":"1631918219","unity_version":"2021.1.21f1","command_line_arguments":"E:\\Unity\\2021.1.21f1\\Editor\\Unity.exe -projectPath H:\\Unity Projects\\MLCombat\\MLCombat","communication_protocol_version":"1.5.0","com.unity.ml-agents_version":"2.1.0-exp.1","scene_name":"SampleScene","end_time_seconds":"1631918280"}}