{
    "name": "root",
    "metadata": {
        "timer_format_version": "0.1.0",
        "start_time_seconds": "1632673729",
        "python_version": "3.7.9 (tags/v3.7.9:13c94747c7, Aug 17 2020, 18:58:18) [MSC v.1900 64 bit (AMD64)]",
        "command_line_arguments": "H:\\Unity Projects\\MLCombat\\MLCombat\\venv\\Scripts\\mlagents-learn --run-id=ttt3 --force --time-scale 1",
        "mlagents_version": "0.27.0",
        "mlagents_envs_version": "0.27.0",
        "communication_protocol_version": "1.5.0",
        "pytorch_version": "1.7.1+cu110",
        "numpy_version": "1.21.2",
        "end_time_seconds": "1632673771"
    },
    "total": 42.1308515,
    "count": 1,
    "self": 0.006894400000000189,
    "children": {
        "run_training.setup": {
            "total": 0.03761599999999987,
            "count": 1,
            "self": 0.03761599999999987
        },
        "TrainerController.start_learning": {
            "total": 42.0863411,
            "count": 1,
            "self": 0.016549699999956147,
            "children": {
                "TrainerController._reset_env": {
                    "total": 28.6433659,
                    "count": 1,
                    "self": 28.6433659
                },
                "TrainerController.advance": {
                    "total": 13.22916530000004,
                    "count": 703,
                    "self": 0.017558099999892107,
                    "children": {
                        "env_step": {
                            "total": 13.13679530000012,
                            "count": 703,
                            "self": 10.32952400000012,
                            "children": {
                                "SubprocessEnvManager._take_step": {
                                    "total": 2.7976592999999,
                                    "count": 703,
                                    "self": 0.05343649999990063,
                                    "children": {
                                        "TorchPolicy.evaluate": {
                                            "total": 2.7442227999999993,
                                            "count": 703,
                                            "self": 0.9617923000000665,
                                            "children": {
                                                "TorchPolicy.sample_actions": {
                                                    "total": 1.7824304999999327,
                                                    "count": 703,
                                                    "self": 1.7824304999999327
                                                }
                                            }
                                        }
                                    }
                                },
                                "workers": {
                                    "total": 0.009612000000100096,
                                    "count": 702,
                                    "self": 0.0,
                                    "children": {
                                        "worker_root": {
                                            "total": 14.933988499999963,
                                            "count": 702,
                                            "is_parallel": true,
                                            "self": 5.3886683999999825,
                                            "children": {
                                                "steps_from_proto": {
                                                    "total": 0.0004372000000003595,
                                                    "count": 1,
                                                    "is_parallel": true,
                                                    "self": 0.00024859999999904403,
                                                    "children": {
                                                        "_process_rank_one_or_two_observation": {
                                                            "total": 0.0001886000000013155,
                                                            "count": 2,
                                                            "is_parallel": true,
                                                            "self": 0.0001886000000013155
                                                        }
                                                    }
                                                },
                                                "UnityEnvironment.step": {
                                                    "total": 9.54488289999998,
                                                    "count": 702,
                                                    "is_parallel": true,
                                                    "self": 0.06144139999994991,
                                                    "children": {
                                                        "UnityEnvironment._generate_step_input": {
                                                            "total": 0.05456190000008476,
                                                            "count": 702,
                                                            "is_parallel": true,
                                                            "self": 0.05456190000008476
                                                        },
                                                        "communicator.exchange": {
                                                            "total": 9.226136099999955,
                                                            "count": 702,
                                                            "is_parallel": true,
                                                            "self": 9.226136099999955
                                                        },
                                                        "steps_from_proto": {
                                                            "total": 0.20274349999998975,
                                                            "count": 702,
                                                            "is_parallel": true,
                                                            "self": 0.13200819999999425,
                                                            "children": {
                                                                "_process_rank_one_or_two_observation": {
                                                                    "total": 0.0707352999999955,
                                                                    "count": 1404,
                                                                    "is_parallel": true,
                                                                    "self": 0.0707352999999955
                                                                }
                                                            }
                                                        }
                                                    }
                                                }
                                            }
                                        }
                                    }
                                }
                            }
                        },
                        "trainer_advance": {
                            "total": 0.07481190000002869,
                            "count": 702,
                            "self": 0.02098720000000398,
                            "children": {
                                "process_trajectory": {
                                    "total": 0.053824700000024706,
                                    "count": 702,
                                    "self": 0.053824700000024706
                                }
                            }
                        }
                    }
                },