{
    "name": "root",
    "metadata": {
        "timer_format_version": "0.1.0",
        "start_time_seconds": "1632611140",
        "python_version": "3.7.9 (tags/v3.7.9:13c94747c7, Aug 17 2020, 18:58:18) [MSC v.1900 64 bit (AMD64)]",
        "command_line_arguments": "H:\\Unity Projects\\MLCombat\\MLCombat\\venv\\Scripts\\mlagents-learn --run-id=ttt3 --force",
        "mlagents_version": "0.27.0",
        "mlagents_envs_version": "0.27.0",
        "communication_protocol_version": "1.5.0",
        "pytorch_version": "1.7.1+cu110",
        "numpy_version": "1.21.2",
        "end_time_seconds": "1632611163"
    },
    "total": 23.223595800000002,
    "count": 1,
    "self": 0.006067700000002674,
    "children": {
        "run_training.setup": {
            "total": 0.03758159999999999,
            "count": 1,
            "self": 0.03758159999999999
        },
        "TrainerController.start_learning": {
            "total": 23.1799465,
            "count": 1,
            "self": 0.010011499999983187,
            "children": {
                "TrainerController._reset_env": {
                    "total": 14.9215091,
                    "count": 1,
                    "self": 14.9215091
                },
                "TrainerController.advance": {
                    "total": 8.070214600000018,
                    "count": 458,
                    "self": 0.009946899999992098,
                    "children": {
                        "env_step": {
                            "total": 8.007625299999997,
                            "count": 458,
                            "self": 5.843807199999993,
                            "children": {
                                "SubprocessEnvManager._take_step": {
                                    "total": 2.15806479999997,
                                    "count": 458,
                                    "self": 0.03157569999996568,
                                    "children": {
                                        "TorchPolicy.evaluate": {
                                            "total": 2.126489100000004,
                                            "count": 457,
                                            "self": 0.5719310999999792,
                                            "children": {
                                                "TorchPolicy.sample_actions": {
                                                    "total": 1.554558000000025,
                                                    "count": 457,
                                                    "self": 1.554558000000025
                                                }
                                            }
                                        }
                                    }
                                },
                                "workers": {
                                    "total": 0.005753300000034045,
                                    "count": 457,
                                    "self": 0.0,
                                    "children": {
                                        "worker_root": {
                                            "total": 9.632507599999997,
                                            "count": 457,
                                            "is_parallel": true,
                                            "self": 4.28001380000001,
                                            "children": {
                                                "steps_from_proto": {
                                                    "total": 0.0004270999999995695,
                                                    "count": 1,
                                                    "is_parallel": true,
                                                    "self": 0.00023200000000045407,
                                                    "children": {
                                                        "_process_rank_one_or_two_observation": {
                                                            "total": 0.00019509999999911543,
                                                            "count": 2,
                                                            "is_parallel": true,
                                                            "self": 0.00019509999999911543
                                                        }
                                                    }
                                                },
                                                "UnityEnvironment.step": {
                                                    "total": 5.3520666999999875,
                                                    "count": 457,
                                                    "is_parallel": true,
                                                    "self": 0.03910510000000755,
                                                    "children": {
                                                        "UnityEnvironment._generate_step_input": {
                                                            "total": 0.03510470000003707,
                                                            "count": 457,
                                                            "is_parallel": true,
                                                            "self": 0.03510470000003707
                                                        },
                                                        "communicator.exchange": {
                                                            "total": 5.148841199999961,
                                                            "count": 457,
                                                            "is_parallel": true,
                                                            "self": 5.148841199999961
                                                        },
                                                        "steps_from_proto": {
                                                            "total": 0.1290156999999823,
                                                            "count": 457,
                                                            "is_parallel": true,
                                                            "self": 0.08451110000005713,
                                                            "children": {
                                                                "_process_rank_one_or_two_observation": {
                                                                    "total": 0.044504599999925176,
                                                                    "count": 914,
                                                                    "is_parallel": true,
                                                                    "self": 0.044504599999925176
                                                                }
                                                            }
                                                        }
                                                    }
                                                }
                                            }
                                        }
                                    }
                                }
                            }
                        },
                        "trainer_advance": {
                            "total": 0.05264240000002829,
                            "count": 457,
                            "self": 0.01675670000000551,
                            "children": {
                                "process_trajectory": {
                                    "total": 0.03588570000002278,
                                    "count": 457,
                                    "self": 0.03588570000002278
                                }
                            }
                        }
                    }
                },