{
    "name": "root",
    "metadata": {
        "timer_format_version": "0.1.0",
        "start_time_seconds": "1632895532",
        "python_version": "3.7.9 (tags/v3.7.9:13c94747c7, Aug 17 2020, 18:58:18) [MSC v.1900 64 bit (AMD64)]",
        "command_line_arguments": "H:\\Unity Projects\\MLCombat\\MLCombat\\venv\\Scripts\\mlagents-learn config\\PlayerCombatAgent.yaml --run-id=imitation --env=builds\\MLCombat --time-scale 1 --force --num-envs=4",
        "mlagents_version": "0.27.0",
        "mlagents_envs_version": "0.27.0",
        "communication_protocol_version": "1.5.0",
        "pytorch_version": "1.7.1+cu110",
        "numpy_version": "1.21.2",
        "end_time_seconds": "1632895702"
    },
    "total": 169.8133675,
    "count": 1,
    "self": 0.33951050000001715,
    "children": {
        "run_training.setup": {
            "total": 0.7597535,
            "count": 1,
            "self": 0.7597535
        },
        "TrainerController.start_learning": {
            "total": 168.7141035,
            "count": 1,
            "self": 0.023973299999852316,
            "children": {
                "TrainerController._reset_env": {
                    "total": 16.7891547,
                    "count": 1,
                    "self": 8.4450887,
                    "children": {
                        "demo_to_buffer": {
                            "total": 8.344066000000002,
                            "count": 2,
                            "self": 0.0001895000000029512,
                            "children": {
                                "load_demonstration": {
                                    "total": 0.09151680000000084,
                                    "count": 2,
                                    "self": 0.0892798999999993,
                                    "children": {
                                        "read_file": {
                                            "total": 0.0022369000000015404,
                                            "count": 2,
                                            "self": 0.0022369000000015404
                                        }
                                    }
                                },
                                "make_demo_buffer": {
                                    "total": 8.252359699999998,
                                    "count": 2,
                                    "self": 1.5452424999999064,
                                    "children": {
                                        "steps_from_proto": {
                                            "total": 6.707117200000091,
                                            "count": 38500,
                                            "self": 4.965445499999996,
                                            "children": {
                                                "_process_rank_one_or_two_observation": {
                                                    "total": 1.7416717000000954,
                                                    "count": 77000,
                                                    "self": 1.7416717000000954
                                                }
                                            }
                                        }
                                    }
                                }
                            }
                        }
                    }
                },
                "TrainerController.advance": {
                    "total": 151.74560940000015,
                    "count": 395,
                    "self": 0.016196800000386702,
                    "children": {
                        "env_step": {
                            "total": 7.92218949999992,
                            "count": 395,
                            "self": 1.2922485999996098,
                            "children": {
                                "SubprocessEnvManager._take_step": {
                                    "total": 6.6143072000003365,
                                    "count": 1070,
                                    "self": 0.11983530000014042,
                                    "children": {
                                        "TorchPolicy.evaluate": {
                                            "total": 6.494471900000196,
                                            "count": 1070,
                                            "self": 2.2309356999999075,
                                            "children": {
                                                "TorchPolicy.sample_actions": {
                                                    "total": 4.2635362000002885,
                                                    "count": 1070,
                                                    "self": 4.2635362000002885
                                                }
                                            }
                                        }
                                    }
                                },
                                "workers": {
                                    "total": 0.01563369999997377,
                                    "count": 395,
                                    "self": 0.0,
                                    "children": {
                                        "worker_root": {
                                            "total": 605.7187262000015,
                                            "count": 1069,
                                            "is_parallel": true,
                                            "self": 598.3730165000014,
                                            "children": {
                                                "steps_from_proto": {
                                                    "total": 0.003037499999999582,
                                                    "count": 4,
                                                    "is_parallel": true,
                                                    "self": 0.0010890999999988438,
                                                    "children": {
                                                        "_process_rank_one_or_two_observation": {
                                                            "total": 0.0019484000000007384,
                                                            "count": 8,
                                                            "is_parallel": true,
                                                            "self": 0.0019484000000007384
                                                        }
                                                    }
                                                },
                                                "UnityEnvironment.step": {
                                                    "total": 7.342672200000049,
                                                    "count": 1069,
                                                    "is_parallel": true,
                                                    "self": 0.10452449999958091,
                                                    "children": {
                                                        "UnityEnvironment._generate_step_input": {
                                                            "total": 0.08861020000013653,
                                                            "count": 1069,
                                                            "is_parallel": true,
                                                            "self": 0.08861020000013653
                                                        },
                                                        "communicator.exchange": {
                                                            "total": 6.819445700000141,
                                                            "count": 1069,
                                                            "is_parallel": true,