{
    "name": "root",
    "gauges": {
        "MoveToGoal.Policy.Entropy.mean": {
            "value": 1.4662214517593384,
            "min": 1.4431467056274414,
            "max": 1.4662214517593384,
            "count": 10
        },
        "MoveToGoal.Policy.Entropy.sum": {
            "value": 73501.6796875,
            "min": 72579.4921875,
            "max": 75721.90625,
            "count": 10
        },
        "MoveToGoal.Environment.EpisodeLength.mean": {
            "value": 107.86534216335541,
            "min": 77.83506944444444,
            "max": 111.29119638826185,
            "count": 10
        },
        "MoveToGoal.Environment.EpisodeLength.sum": {
            "value": 48863.0,
            "min": 44833.0,
            "max": 50674.0,
            "count": 10
        },
        "MoveToGoal.Step.mean": {
            "value": 499980.0,
            "min": 49953.0,
            "max": 499980.0,
            "count": 10
        },
        "MoveToGoal.Step.sum": {
            "value": 499980.0,
            "min": 49953.0,
            "max": 499980.0,
            "count": 10
        },
        "MoveToGoal.Policy.ExtrinsicValueEstimate.mean": {
            "value": -3.8051352500915527,
            "min": -11.028641700744629,
            "max": -0.8728380799293518,
            "count": 10
        },
        "MoveToGoal.Policy.ExtrinsicValueEstimate.sum": {
            "value": -4170.42822265625,
            "min": -12682.9375,
            "max": -954.8848876953125,
            "count": 10
        },
        "MoveToGoal.Environment.CumulativeReward.mean": {
            "value": -0.3968957871396896,
            "min": -0.59375,
            "max": -0.33613445378151263,
            "count": 10
        },
        "MoveToGoal.Environment.CumulativeReward.sum": {
            "value": -179.0,
            "min": -342.0,
            "max": -160.0,
            "count": 10
        },
        "MoveToGoal.Policy.ExtrinsicReward.mean": {
            "value": -0.3968957871396896,
            "min": -0.59375,
            "max": -0.33613445378151263,
            "count": 10
        },
        "MoveToGoal.Policy.ExtrinsicReward.sum": {
            "value": -179.0,
            "min": -342.0,
            "max": -160.0,
            "count": 10
        },
        "MoveToGoal.Losses.PolicyLoss.mean": {
            "value": 0.023474061336989205,
            "min": 0.022517288910845916,
            "max": 0.03840468138999616,
            "count": 10
        },
        "MoveToGoal.Losses.PolicyLoss.sum": {
            "value": 0.11737030668494602,
            "min": 0.1034942182712257,
            "max": 0.16873427322134374,
            "count": 10
        },
        "MoveToGoal.Losses.ValueLoss.mean": {
            "value": 1.6301741353670756,
            "min": 0.8268061583240827,
            "max": 13.169682665665944,
            "count": 10
        },
        "MoveToGoal.Losses.ValueLoss.sum": {
            "value": 8.150870676835378,
            "min": 3.3072246332963307,
            "max": 52.678730662663774,
            "count": 10
        },
        "MoveToGoal.Policy.LearningRate.mean": {
            "value": 1.582305472568e-05,
            "min": 1.582305472568e-05,
            "max": 0.0002845983051339,
            "count": 10
        },
        "MoveToGoal.Policy.LearningRate.sum": {
            "value": 7.91152736284e-05,
            "min": 7.91152736284e-05,
            "max": 0.0012842784719072002,
            "count": 10
        },
        "MoveToGoal.Policy.Epsilon.mean": {
            "value": 0.10527432,
            "min": 0.10527432,
            "max": 0.19486610000000004,
            "count": 10
        },
        "MoveToGoal.Policy.Epsilon.sum": {
            "value": 0.5263716,
            "min": 0.49956700000000004,
            "max": 0.9280927999999999,
            "count": 10
        },
        "MoveToGoal.Policy.Beta.mean": {
            "value": 0.00027318856799999995,
            "min": 0.00027318856799999995,
            "max": 0.0047438183900000005,
            "count": 10
        },
        "MoveToGoal.Policy.Beta.sum": {
            "value": 0.0013659428399999997,
            "min": 0.0013659428399999997,
            "max": 0.02141183072,
            "count": 10
        },
        "MoveToGoal.IsTraining.mean": {
            "value": 1.0,
            "min": 1.0,
            "max": 1.0,
            "count": 10
        },
        "MoveToGoal.IsTraining.sum": {
            "value": 1.0,
            "min": 1.0,
            "max": 1.0,
            "count": 10
        }
    },
    "metadata": {
        "timer_format_version": "0.1.0",
        "start_time_seconds": "1631905084",
        "python_version": "3.7.9 (tags/v3.7.9:13c94747c7, Aug 17 2020, 18:58:18) [MSC v.1900 64 bit (AMD64)]",
        "command_line_arguments": "H:\\Python3.7\\Scripts\\mlagents-learn --initialize-from=WithAnim --run-id=WithAnim2",
        "mlagents_version": "0.27.0",
        "mlagents_envs_version": "0.27.0",
        "communication_protocol_version": "1.5.0",
        "pytorch_version": "1.7.1+cu110",
        "numpy_version": "1.21.2",
        "end_time_seconds": "1631905349"
    },
    "total": 264.9832925,
    "count": 1,
    "self": 0.008273099999996703,
    "children": {
        "run_training.setup": {
            "total": 0.04188689999999995,
            "count": 1,
            "self": 0.04188689999999995
        },
        "TrainerController.start_learning": {
            "total": 264.9331325,
            "count": 1,
            "self": 0.2729101999995578,
            "children": {
                "TrainerController._reset_env": {
                    "total": 12.820142599999999,
                    "count": 1,
                    "self": 12.820142599999999
                },
                "TrainerController.advance": {
                    "total": 251.7957157000004,
                    "count": 9232,
                    "self": 0.2599712000016723,
                    "children": {
                        "env_step": {
                            "total": 121.75401319999959,
                            "count": 9232,
                            "self": 111.51176679999915,
                            "children": {
                                "SubprocessEnvManager._take_step": {
                                    "total": 10.101262000000457,
                                    "count": 9232,
                                    "self": 0.7581299000006023,
                                    "children": {
                                        "TorchPolicy.evaluate": {
                                            "total": 9.343132099999854,
                                            "count": 5588,
                                            "self": 3.912573999998468,
                                            "children": {
                                                "TorchPolicy.sample_actions": {
                                                    "total": 5.430558100001386,
                                                    "count": 5588,
                                                    "self": 5.430558100001386
                                                }
                                            }
                                        }
                                    }
                                },
                                "workers": {
                                    "total": 0.14098439999997936,
                                    "count": 9232,
                                    "self": 0.0,
                                    "children": {
                                        "worker_root": {
                                            "total": 253.24492170000255,
                                            "count": 9232,
                                            "is_parallel": true,
                                            "self": 166.55853480000292,