{
    "name": "root",
    "gauges": {
        "MoveToGoal.Policy.Entropy.mean": {
            "value": 1.4022434949874878,
            "min": 1.4022434949874878,
            "max": 1.4191796779632568,
            "count": 6
        },
        "MoveToGoal.Policy.Entropy.sum": {
            "value": 70185.09375,
            "min": 70185.09375,
            "max": 71441.5078125,
            "count": 6
        },
        "MoveToGoal.Environment.EpisodeLength.mean": {
            "value": 24.161996943453897,
            "min": 24.161996943453897,
            "max": 79.73300970873787,
            "count": 6
        },
        "MoveToGoal.Environment.EpisodeLength.sum": {
            "value": 47430.0,
            "min": 47430.0,
            "max": 49503.0,
            "count": 6
        },
        "MoveToGoal.Step.mean": {
            "value": 299940.0,
            "min": 49940.0,
            "max": 299940.0,
            "count": 6
        },
        "MoveToGoal.Step.sum": {
            "value": 299940.0,
            "min": 49940.0,
            "max": 299940.0,
            "count": 6
        },
        "MoveToGoal.Policy.ExtrinsicValueEstimate.mean": {
            "value": 0.842083215713501,
            "min": -1.3040744066238403,
            "max": 0.842083215713501,
            "count": 6
        },
        "MoveToGoal.Policy.ExtrinsicValueEstimate.sum": {
            "value": 1823.9522705078125,
            "min": -1635.309326171875,
            "max": 1823.9522705078125,
            "count": 6
        },
        "MoveToGoal.Environment.CumulativeReward.mean": {
            "value": 0.9720101781170484,
            "min": -0.4102259215219976,
            "max": 0.9720101781170484,
            "count": 6
        },
        "MoveToGoal.Environment.CumulativeReward.sum": {
            "value": 1910.0,
            "min": -345.0,
            "max": 1910.0,
            "count": 6
        },
        "MoveToGoal.Policy.ExtrinsicReward.mean": {
            "value": 0.9720101781170484,
            "min": -0.4102259215219976,
            "max": 0.9720101781170484,
            "count": 6
        },
        "MoveToGoal.Policy.ExtrinsicReward.sum": {
            "value": 1910.0,
            "min": -345.0,
            "max": 1910.0,
            "count": 6
        },
        "MoveToGoal.Losses.PolicyLoss.mean": {
            "value": 0.021888566186341146,
            "min": 0.021033830913559842,
            "max": 0.025359724614148337,
            "count": 6
        },
        "MoveToGoal.Losses.PolicyLoss.sum": {
            "value": 0.10944283093170573,
            "min": 0.08413532365423937,
            "max": 0.1267986230707417,
            "count": 6
        },
        "MoveToGoal.Losses.ValueLoss.mean": {
            "value": 0.013793477540214857,
            "min": 0.013793477540214857,
            "max": 0.4750288108984629,
            "count": 6
        },
        "MoveToGoal.Losses.ValueLoss.sum": {
            "value": 0.06896738770107429,
            "min": 0.06896738770107429,
            "max": 1.9001152435938515,
            "count": 6
        },
        "MoveToGoal.Policy.LearningRate.mean": {
            "value": 0.00013362293545904003,
            "min": 0.00013362293545904003,
            "max": 0.00028461165512945,
            "count": 6
        },
        "MoveToGoal.Policy.LearningRate.sum": {
            "value": 0.0006681146772952001,
            "min": 0.0006681146772952001,
            "max": 0.0012845142718286,
            "count": 6
        },
        "MoveToGoal.Policy.Epsilon.mean": {
            "value": 0.14454096000000005,
            "min": 0.14454096000000005,
            "max": 0.19487055,
            "count": 6
        },
        "MoveToGoal.Policy.Epsilon.sum": {
            "value": 0.7227048000000003,
            "min": 0.7227048000000003,
            "max": 0.9281714000000001,
            "count": 6
        },
        "MoveToGoal.Policy.Beta.mean": {
            "value": 0.0022325939040000005,
            "min": 0.0022325939040000005,
            "max": 0.004744040445,
            "count": 6
        },
        "MoveToGoal.Policy.Beta.sum": {
            "value": 0.011162969520000003,
            "min": 0.011162969520000003,
            "max": 0.02141575286,
            "count": 6
        },
        "MoveToGoal.IsTraining.mean": {
            "value": 1.0,
            "min": 1.0,
            "max": 1.0,
            "count": 6
        },
        "MoveToGoal.IsTraining.sum": {
            "value": 1.0,
            "min": 1.0,
            "max": 1.0,
            "count": 6
        }
    },
    "metadata": {
        "timer_format_version": "0.1.0",
        "start_time_seconds": "1631865771",
        "python_version": "3.7.9 (tags/v3.7.9:13c94747c7, Aug 17 2020, 18:58:18) [MSC v.1900 64 bit (AMD64)]",
        "command_line_arguments": "H:\\Python3.7\\Scripts\\mlagents-learn --force",
        "mlagents_version": "0.27.0",
        "mlagents_envs_version": "0.27.0",
        "communication_protocol_version": "1.5.0",
        "pytorch_version": "1.7.1+cu110",
        "numpy_version": "1.21.2",
        "end_time_seconds": "1631866108"
    },
    "total": 337.37269549999996,
    "count": 1,
    "self": 0.005478399999958583,
    "children": {
        "run_training.setup": {
            "total": 0.04896110000000009,
            "count": 1,
            "self": 0.04896110000000009
        },
        "TrainerController.start_learning": {
            "total": 337.318256,
            "count": 1,
            "self": 0.816267600003016,
            "children": {
                "TrainerController._reset_env": {
                    "total": 9.5266015,
                    "count": 1,
                    "self": 9.5266015
                },
                "TrainerController.advance": {
                    "total": 326.824029099997,
                    "count": 33460,
                    "self": 0.8410626999968827,
                    "children": {
                        "env_step": {
                            "total": 232.6340261999982,
                            "count": 33460,
                            "self": 185.19859069999984,
                            "children": {
                                "SubprocessEnvManager._take_step": {
                                    "total": 46.93849710000292,
                                    "count": 33460,
                                    "self": 2.2226623000042878,
                                    "children": {
                                        "TorchPolicy.evaluate": {
                                            "total": 44.71583479999863,
                                            "count": 27507,
                                            "self": 18.764268200000945,
                                            "children": {
                                                "TorchPolicy.sample_actions": {
                                                    "total": 25.951566599997687,
                                                    "count": 27507,
                                                    "self": 25.951566599997687
                                                }
                                            }
                                        }
                                    }
                                },
                                "workers": {
                                    "total": 0.4969383999954555,
                                    "count": 33459,
                                    "self": 0.0,
                                    "children": {
                                        "worker_root": {
                                            "total": 328.3124438999975,
                                            "count": 33459,
                                            "is_parallel": true,
                                            "self": 186.52826549999781,