{
    "name": "root",
    "metadata": {
        "timer_format_version": "0.1.0",
        "start_time_seconds": "1632830918",
        "python_version": "3.7.9 (tags/v3.7.9:13c94747c7, Aug 17 2020, 18:58:18) [MSC v.1900 64 bit (AMD64)]",
        "command_line_arguments": "H:\\Unity Projects\\MLCombat\\MLCombat\\venv\\Scripts\\mlagents-learn config\\PlayerCombatAgent.yaml --time-scale 1 --force",
        "mlagents_version": "0.27.0",
        "mlagents_envs_version": "0.27.0",
        "communication_protocol_version": "1.5.0",
        "pytorch_version": "1.7.1+cu110",
        "numpy_version": "1.21.2",
        "end_time_seconds": "1632831029"
    },
    "total": 110.9670817,
    "count": 1,
    "self": 0.029425599999981955,
    "children": {
        "run_training.setup": {
            "total": 0.45550329999999994,
            "count": 1,
            "self": 0.45550329999999994
        },
        "TrainerController.start_learning": {
            "total": 110.48215280000001,
            "count": 1,
            "self": 0.012184100000013132,
            "children": {
                "TrainerController._reset_env": {
                    "total": 26.9014144,
                    "count": 1,
                    "self": 18.506459599999996,
                    "children": {
                        "demo_to_buffer": {
                            "total": 8.394954800000004,
                            "count": 2,
                            "self": 0.00028090000001057547,
                            "children": {
                                "load_demonstration": {
                                    "total": 0.08427509999999572,
                                    "count": 2,
                                    "self": 0.08362539999999541,
                                    "children": {
                                        "read_file": {
                                            "total": 0.0006497000000003084,
                                            "count": 2,
                                            "self": 0.0006497000000003084
                                        }
                                    }
                                },
                                "make_demo_buffer": {
                                    "total": 8.310398799999998,
                                    "count": 2,
                                    "self": 1.5720336000006156,
                                    "children": {
                                        "steps_from_proto": {
                                            "total": 6.738365199999382,
                                            "count": 38500,
                                            "self": 4.983719499999349,
                                            "children": {
                                                "_process_rank_one_or_two_observation": {
                                                    "total": 1.754645700000033,
                                                    "count": 77000,
                                                    "self": 1.754645700000033
                                                }
                                            }
                                        }
                                    }
                                }
                            }
                        }
                    }
                },
                "TrainerController.advance": {
                    "total": 83.29182979999997,
                    "count": 513,
                    "self": 0.011510699999988105,
                    "children": {
                        "env_step": {
                            "total": 8.94720980000006,
                            "count": 513,
                            "self": 6.893832700000054,
                            "children": {
                                "SubprocessEnvManager._take_step": {
                                    "total": 2.046790899999955,
                                    "count": 513,
                                    "self": 0.03801789999979732,
                                    "children": {
                                        "TorchPolicy.evaluate": {
                                            "total": 2.008773000000158,
                                            "count": 513,
                                            "self": 0.6666622000001006,
                                            "children": {
                                                "TorchPolicy.sample_actions": {
                                                    "total": 1.3421108000000572,
                                                    "count": 513,
                                                    "self": 1.3421108000000572
                                                }
                                            }
                                        }
                                    }
                                },
                                "workers": {
                                    "total": 0.006586200000050724,
                                    "count": 512,
                                    "self": 0.0,
                                    "children": {
                                        "worker_root": {
                                            "total": 73.73340969999998,
                                            "count": 512,
                                            "is_parallel": true,
                                            "self": 67.42657809999994,
                                            "children": {
                                                "steps_from_proto": {
                                                    "total": 0.0005901000000001488,
                                                    "count": 1,
                                                    "is_parallel": true,
                                                    "self": 0.000335700000000827,
                                                    "children": {
                                                        "_process_rank_one_or_two_observation": {
                                                            "total": 0.00025439999999932184,
                                                            "count": 2,
                                                            "is_parallel": true,
                                                            "self": 0.00025439999999932184
                                                        }
                                                    }
                                                },
                                                "UnityEnvironment.step": {
                                                    "total": 6.306241500000038,
                                                    "count": 512,
                                                    "is_parallel": true,
                                                    "self": 0.04517590000020988,
                                                    "children": {
                                                        "UnityEnvironment._generate_step_input": {
                                                            "total": 0.040008099999752744,
                                                            "count": 512,
                                                            "is_parallel": true,
                                                            "self": 0.040008099999752744
                                                        },
                                                        "communicator.exchange": {
                                                            "total": 6.0742511000001045,
                                                            "count": 512,
                                                            "is_parallel": true,